{"cameraMode":{"drawMode":0,"name":"Shaded","section":"Shading Mode"},"sceneLighting":true,"audioPlay":false,"sceneViewState":{"m_AlwaysRefresh":false,"showFog":true,"showSkybox":true,"showFlares":true,"showImageEffects":true,"showParticleSystems":true,"showVisualEffectGraphs":true,"m_FxEnabled":true},"in2DMode":false,"pivot":{"x":-2.650222063064575,"y":-0.45392513275146487,"z":9.50621223449707},"rotation":{"x":-0.6464896202087402,"y":-0.005775094032287598,"z":0.004796891938894987,"w":-0.7630165815353394},"size":33.96293640136719,"orthographic":false}